{
  "classifier": {
    "accuracy": 0.9047619047619048,
    "auc_roc": 0.963481436396835,
    "examples": 84,
    "expected_calibration_error": 0.10387316706627754,
    "f1": 0.8787878787878788,
    "false_negatives": 2,
    "false_positives": 6,
    "precision": 0.8285714285714286,
    "recall": 0.9354838709677419,
    "threshold": 0.95,
    "true_negatives": 47,
    "true_positives": 29
  },
  "cosine_at_classifier_recall": {
    "accuracy": 0.6666666666666666,
    "auc_roc": 0.790626902008521,
    "examples": 84,
    "expected_calibration_error": 0.2644111977202729,
    "f1": 0.6744186046511628,
    "false_negatives": 2,
    "false_positives": 26,
    "precision": 0.5272727272727272,
    "recall": 0.9354838709677419,
    "target_recall": 0.9354838709677419,
    "threshold": 0.72,
    "true_negatives": 27,
    "true_positives": 29
  },
  "cosine_default": {
    "accuracy": 0.7023809523809523,
    "auc_roc": 0.790626902008521,
    "examples": 84,
    "expected_calibration_error": 0.2644111977202729,
    "f1": 0.4897959183673469,
    "false_negatives": 19,
    "false_positives": 6,
    "precision": 0.6666666666666666,
    "recall": 0.3870967741935484,
    "threshold": 0.9,
    "true_negatives": 47,
    "true_positives": 12
  },
  "examples": 84,
  "gate_passed": true,
  "gold_path": "/Users/abhinandan/Desktop/smartcache/data/gold/equivalence_gold.jsonl",
  "model_path": "/Users/abhinandan/Desktop/smartcache/src/smartmemo/_models/equivalence-net-v1.pt",
  "negatives": 53,
  "positives": 31,
  "precision_gain_at_equal_recall": 0.3012987012987014
}

